CS 550,S
CS 170,F
CS 170,S
CS 171,F
CS 171,S
CS 224,F
CS 224,S
CS 255,F
CS 255,S
CS 323,F
CS 323,S
CS 325,S
CS 329,R
CS 355,S
CS 370,S
CS 377,F
CS 377,S
CS 378,S
CS 424,S
CS 450,F
CS 452,S
CS 453,R
CS 455,R
CS 456,F
MATH 111,F
MATH 112,F
MATH 211,F
MATH 212,F
MATH 221,F
MATH 250,F
MATH 111,S
MATH 112,S
MATH 211,S
MATH 212,S
MATH 221,S
MATH 250,S
MATH 270,R
MATH 315,F
MATH 315,S
MATH 318,F
MATH 321,S
MATH 328,R
MATH 330,R
MATH 344,R
MATH 345,R
MATH 346,F
MATH 346,S
MATH 347,R
MATH 351,F
MATH 351,S
MATH 352,R
MATH 361,F
MATH 362,S
MATH 411,F
MATH 412,S
MATH 421,F
MATH 422,S
MATH 425,F
MATH 425,S